post_id,title_tr,title_en,content_tr,content_en,excerpt_tr,excerpt_en,slug,author_name,author_email,category,tags,cover_image_id,gallery_image_ids,seo_title_tr,seo_title_en,seo_description_tr,seo_description_en,is_published,is_featured,published_at,view_count,like_count,metadata,created_at,updated_at
istanbul_etkinlik_rehberi_2024,2024 İstanbul Etkinlik Rehberi,2024 Istanbul Events Guide,"İstanbul 2024 yılında birçok harika etkinliğe ev sahipliği yapacak. Konserlerden tiyatro oyunlarına kadar şehrin kültürel yaşamı oldukça zengin. Bu rehberimizde yılın öne çıkan etkinliklerini keşfedebilirsiniz.

## Müzik Etkinlikleri
İstanbul'un müzik sahnesi 2024'te oldukça hareketli. Sezen Aksu'nun büyük konseri, çeşitli jazz festivalleri ve rock konserlerini kaçırmamanızı öneriyoruz.

## Tiyatro ve Sahne Sanatları  
Devlet tiyatrolarının yanı sıra özel tiyatrolar da kaliteli prodüksiyonlarla sezon açacak. Shakespeare'den modern oyunlara kadar geniş repertuvar.

## Festivaller
İstanbul Jazz Festivali, Film Festivali ve Rock festivalleri şehri canlandıracak. Uluslararası sanatçıların katılımıyla renkli etkinlikler.","Istanbul will host many amazing events in 2024. From concerts to theater plays, the city's cultural life is quite rich. In this guide, you can discover the prominent events of the year.

## Music Events
Istanbul's music scene is quite active in 2024. We recommend not missing Sezen Aksu's big concert, various jazz festivals and rock concerts.

## Theater and Performing Arts
In addition to state theaters, private theaters will also open the season with quality productions. Wide repertoire from Shakespeare to modern plays.

## Festivals
Istanbul Jazz Festival, Film Festival and Rock festivals will enliven the city. Colorful events with international artists.",İstanbul 2024'te kaçırılmaması gereken etkinlikler ve festivals rehberi. Konser ve tiyatro önerileri.,A guide to unmissable events and festivals in Istanbul 2024. Concert and theater recommendations.,istanbul-etkinlik-rehberi-2024,Zeynep Yılmaz,zeynep@eventhubble.com,rehber,"{""istanbul"",""etkinlik"",""rehber"",""2024"",""konser"",""tiyatro""}",1,"{1,2}",2024 İstanbul Etkinlik ve Festival Rehberi,2024 Istanbul Events and Festival Guide,İstanbul'da 2024 yılının en önemli etkinlikleri ve festivalleri. Konser ve tiyatro rehberi.,The most important events and festivals of 2024 in Istanbul. Concert and theater guide.,true,true,2024-01-20 10:00:00,2580,145,"{""reading_time"": ""8 minutes"", ""category_priority"": ""high"", ""social_shares"": 89}",2024-01-15 14:00:00,2024-01-20 15:30:00
konser_bilet_alma_rehberi,Konser Bileti Nasıl Alınır? Pratik Rehber,How to Buy Concert Tickets? Practical Guide,"Konser biletleri almak bazen zor olabilir. Özellikle popüler sanatçıların biletleri çok hızlı tükeniyor. İşte bilet alma sürecini kolaylaştıracak ipuçları:

## Bilet Satış Platformları
Türkiye'de başlıca bilet satış platformları Biletix, Mobilet, Biletino ve Passo. Her platformun kendine özgü avantajları var.

## Erken Rezervasyon
Biletler genellikle etkinlikten 2-3 ay önce satışa çıkar. Haber bültenlere abone olmak çok önemli.

## Fiyat Karşılaştırması
Aynı etkinlik için farklı platformlarda farklı fiyatlar olabiliyor. Karşılaştırma yapmayı unutmayın.

## Güvenli Ödeme
Sadece resmi platformlardan alışveriş yapın. Sosyal medyadan bilet almaya dikkat edin.","Buying concert tickets can sometimes be difficult. Especially tickets for popular artists sell out very quickly. Here are tips to make the ticket buying process easier:

## Ticket Sales Platforms
The main ticket sales platforms in Turkey are Biletix, Mobilet, Biletino and Passo. Each platform has its own advantages.

## Early Reservation
Tickets usually go on sale 2-3 months before the event. Subscribing to newsletters is very important.

## Price Comparison
There may be different prices on different platforms for the same event. Don't forget to compare.

## Secure Payment
Shop only from official platforms. Be careful about buying tickets from social media.",Konser ve etkinlik biletlerini güvenli ve uygun fiyata nasıl alabileceğinize dair kapsamlı rehber.,Comprehensive guide on how to buy concert and event tickets safely and at affordable prices.,konser-bilet-alma-rehberi,Ahmet Kaya,ahmet@eventhubble.com,rehber,"{""bilet"",""konser"",""rehber"",""güvenlik"",""platform"",""ipucu""}",10,"{10}",Konser Bileti Alma Rehberi - Güvenli ve Uygun Bilet,Concert Ticket Buying Guide - Safe and Affordable Tickets,Konser biletlerini güvenli ve uygun fiyata nasıl alacağınız hakkında detaylı rehber ve ipuçları.,Detailed guide and tips on how to buy concert tickets safely and at affordable prices.,true,false,2024-01-25 09:00:00,1420,78,"{""reading_time"": ""6 minutes"", ""difficulty"": ""beginner"", ""update_frequency"": ""monthly""}",2024-01-15 14:30:00,2024-01-25 11:15:00
tiyatro_sezona_hazirlik,Tiyatro Sezonu Başlıyor: 2024 Önerileri,Theater Season Begins: 2024 Recommendations,"2024 tiyatro sezonu başladı ve İstanbul sahnelerinde heyecan verici oyunlar sizi bekliyor. Bu sezon hangi oyunları izlemelisiniz?

## Devlet Tiyatroları Programı
İstanbul Devlet Tiyatrosu bu sezon Shakespeare'den çağdaş oyunlara kadar geniş repertuvarla geliyor. Hamlet, Kral Lear ve Romeo Juliet.

## Özel Tiyatro Sahneleri
Craft Tiyatro, Zorlu PSM ve diğer özel sahneler özgün projelerle dikkat çekiyor. Deneysel çalışmalar ve çeviri oyunlar.

## Genç Oyuncular
Bu sezon genç nesil oyuncuların yıldızlaştığı prodüksiyonlar da var. Tiyatro dünyasının yeni yüzleri.

## Bilet Bilgileri
Tiyatro biletleri genellikle uygun fiyatlı. Sezon kartları ile %30'a varan indirimler mümkün.","The 2024 theater season has begun and exciting plays await you on Istanbul stages. Which plays should you watch this season?

## State Theaters Program
Istanbul State Theater comes with a wide repertoire from Shakespeare to contemporary plays this season. Hamlet, King Lear and Romeo Juliet.

## Private Theater Stages
Craft Theater, Zorlu PSM and other private stages attract attention with original projects. Experimental works and translated plays.

## Young Actors
This season also features productions where young generation actors shine. New faces of the theater world.

## Ticket Information
Theater tickets are usually affordable. Discounts up to 30% are possible with season cards.",2024 tiyatro sezonunun öne çıkan oyunları ve izlenmesi gereken prodüksiyonlar hakkında öneriler.,Recommendations about the prominent plays of the 2024 theater season and productions to watch.,tiyatro-sezona-hazirlik,Meltem Özkan,meltem@eventhubble.com,tiyatro,"{""tiyatro"",""sezon"",""2024"",""oyun"",""sahne"",""sanat""}",8,"{8}",2024 Tiyatro Sezonu Rehberi ve Oyun Önerileri,2024 Theater Season Guide and Play Recommendations,İstanbul'da 2024 tiyatro sezonunda izlenmesi gereken oyunlar ve sahne önerileri.,Plays to watch and stage recommendations in the 2024 theater season in Istanbul.,true,true,2024-02-01 14:00:00,890,52,"{""reading_time"": ""5 minutes"", ""season"": ""2024"", ""update_date"": ""2024-02-01""}",2024-01-15 15:00:00,2024-02-01 16:20:00
festival_fotografciligi_ipuclari,Festival Fotoğrafçılığı İpuçları,Festival Photography Tips,"Müzik festivallerinde unutulmaz anları yakalamak için fotoğrafçılık ipuçları:

## Ekipman Seçimi
Festivallerde taşınabilir ekipman önemli. Mirrorless kameralar ve hızlı lensler tercih edilmeli.

## Işık Koşulları
Sahne ışıkları değişken. Yüksek ISO performansı olan kameralar gerekli. Manuel ayarları öğrenmek şart.

## Kompozisyon
Kalabalıkta çekim yapmak zor. Yüksek açılardan çekmek, sahne ile kalabalığı birlikte yakalamak etkili.

## Etik Kurallar
Diğer seyircilere rahatsızlık vermemek önemli. Flaş kullanımına dikkat edin.

## Post Production
Festival fotoğraflarının renk düzeltmesi ve kontrastı önemli. Mobil editörleme uygulamaları yeterli.","Photography tips for capturing unforgettable moments at music festivals:

## Equipment Selection
Portable equipment is important at festivals. Mirrorless cameras and fast lenses should be preferred.

## Lighting Conditions
Stage lights are variable. Cameras with high ISO performance are required. Learning manual settings is essential.

## Composition
Shooting in crowds is difficult. Shooting from high angles, capturing the stage and crowd together is effective.

## Ethical Rules
Not disturbing other spectators is important. Be careful about flash usage.

## Post Production
Color correction and contrast of festival photos are important. Mobile editing apps are sufficient.",Müzik festivallerinde profesyonel fotoğraf çekimi için pratik ipuçları ve teknikler.,Practical tips and techniques for professional photography at music festivals.,festival-fotografciligi-ipuclari,Emre Demir,emre@eventhubble.com,fotografcilik,"{""festival"",""fotoğraf"",""müzik"",""teknik"",""ipucu"",""kamera""}",9,"{9}",Festival Fotoğrafçılığı Rehberi ve Teknikleri,Festival Photography Guide and Techniques,Müzik festivallerinde çekim yapacaklar için fotoğrafçılık teknikleri ve ekipman önerileri.,Photography techniques and equipment recommendations for those shooting at music festivals.,true,false,2024-02-10 11:00:00,650,38,"{""reading_time"": ""7 minutes"", ""skill_level"": ""intermediate"", ""equipment_budget"": ""mid-range""}",2024-01-15 15:30:00,2024-02-10 12:45:00
istanbul_jazz_festivali_tarihcesi,İstanbul Jazz Festivali'nin 37 Yıllık Hikayesi,37-Year Story of Istanbul Jazz Festival,"İstanbul Jazz Festivali, 1987 yılında başladığından beri Türkiye'nin en prestijli müzik etkinliklerinden biri. İşte festivalin büyüleyici hikayesi:

## Başlangıç (1987)
Festival, İstanbul Kültür Sanat Vakfı (İKSV) tarafından düzenlenen ilk caz festivali olarak başladı. İlk yıl sadece 5 konser vardı.

## Gelişim Dönemi (1990-2000)
90'larda festival uluslararası ölçekte büyümeye başladı. Dünyaca ünlü jazz efsaneleri İstanbul'a gelmeye başladı.

## Modern Dönem (2000-2024)
Festivalde sadece caz değil, elektronik müzik, world music gibi farklı türler de yer almaya başladı.

## Önemli İsimler
Festival tarihinde Dizzy Gillespie, Pat Metheny, Herbie Hancock gibi efsaneler sahne aldı.

## Gelecek
2024'te 37. yılını kutlayan festival, geleneklerini koruyarak yenilikçi yaklaşımını sürdürüyor.","Istanbul Jazz Festival has been one of Turkey's most prestigious music events since it started in 1987. Here is the fascinating story of the festival:

## Beginning (1987)
The festival started as the first jazz festival organized by the Istanbul Foundation for Culture and Arts (IKSV). There were only 5 concerts in the first year.

## Development Period (1990-2000)
In the 90s, the festival began to grow internationally. World-famous jazz legends began coming to Istanbul.

## Modern Era (2000-2024)
Not only jazz, but also different genres such as electronic music and world music began to take place in the festival.

## Important Names
Legends such as Dizzy Gillespie, Pat Metheny, Herbie Hancock have performed in the festival's history.

## Future
Celebrating its 37th anniversary in 2024, the festival continues its innovative approach while preserving its traditions.",İstanbul Jazz Festivali'nin 37 yıllık serüveni ve Türk müzik kültürüne katkıları.,The 37-year journey of Istanbul Jazz Festival and its contributions to Turkish music culture.,istanbul-jazz-festivali-tarihcesi,Deniz Aktaş,deniz@eventhubble.com,muzik,"{""jazz"",""festival"",""istanbul"",""tarih"",""müzik"",""kültür""}",9,"{9}",İstanbul Jazz Festivali Tarihçesi - 37 Yıllık Serüven,Istanbul Jazz Festival History - 37 Year Journey,1987'den bugüne İstanbul Jazz Festivali'nin tarihi gelişimi ve müzik dünyasındaki yeri.,Historical development of Istanbul Jazz Festival from 1987 to today and its place in the music world.,true,true,2024-02-15 13:00:00,1850,94,"{""reading_time"": ""10 minutes"", ""historical_depth"": ""detailed"", ""anniversary"": ""37th""}",2024-01-15 16:00:00,2024-02-15 14:30:00 